Endpage-Age,
Endpage-Disab,
Endpage-FirstLang,
Endpage-Gender,
Endpage-Handed,
Endpage-HoursListMusic,
Endpage-MusicalBackgr,
Endpage-OtherLang,
Endpage-PartID,me
PostBpage1-AQ1,in her
PostBpage10-BQ10f1,on a
PostBpage10-BQ10f2,the
PostBpage11-BQ11f1,the 
PostBpage11-BQ11f2,from a
PostBpage12-BQ12f1,taking her
PostBpage12-BQ12f2,for 
PostBpage13-BQ12f1,in a
PostBpage14-BQ14f1,the
PostBpage14-BQ14f2,of the
PostBpage15-BQ15f1,with her
PostBpage15-BQ15f2,her
PostBpage16-BQ16f1,eating a
PostBpage16-BQ16f2,her
PostBpage17-BQ17f1,from a
PostBpage17-BQ17f2,her
PostBpage18-BQ18f1,the
PostBpage18-BQ18f2,of a
PostBpage19-BQ19,from the
PostBpage2-AQ1,beaten
PostBpage20-BQ20,on the
PostBpage21-BQ21f1,her 
PostBpage3-BQ3f1,for a
PostBpage3-BQ3f2,a
PostBpage4-BQ4,in the
PostBpage5-BQ5f1,beating a
PostBpage5-BQ5f2,for her
PostBpage6-BQ6,with the
PostBpage7-BQ7f1,taking a
PostBpage7-BQ7f2,her
PostBpage8-BQ8f1,her
PostBpage8-BQ8f2,on the
PostBpage9-BQ9f1,eaten her 
PostBpage9-BQ9f2,of the
PreApage1-AQ1,of the
PreApage10-AQ10f1,the
PreApage10-AQ10f2,with her
PreApage11-AQ11f1,beating her
PreApage11-AQ11f2,the
PreApage12-AQ12f1,on a
PreApage12-AQ12f2,her
PreApage13-AQ13,from her
PreApage14-AQ14,from the
PreApage15-AQ15f1,in a
PreApage15-AQ15f2,the
PreApage16-AQ16,for a
PreApage17-AQ17f1,a
PreApage17-AQ17f2,her
PreApage18-AQ19f1,taking a
PreApage18-AQ19f2,with her
PreApage19-AQ19f1,eaten her
PreApage19-AQ19f2,in the
PreApage2-AQ2f1,beaten a
PreApage2-AQ2f2,in her
PreApage3-AQ3,on the
PreApage4-AQ4f,eating a
PreApage4-AQ4f2,for her
PreApage5-AQ5f1,for the
PreApage5-AQ5f2,the
PreApage6-AQ6f1,the 
PreApage6-AQ6f2,of a
PreApage7-AQ7f1,of her
PreApage7-AQ7f2,the
PreApage8-AQ8f1,in a
PreApage8-AQ8f2,her
PreApage9-AQ9f1,taken a
PreApage9-AQ9f2,from a
examplepage1-example1f1,is
examplepage1-example1f2,for a
examplepage1-example1f3,a
examplepage2-example2f1,
examplepage2-example2f2,
examplepage2-example2f3,
examplepage3-example3f1,
examplepage3-example3f2,
examplepage3-example3f3,